locus_tag,product,type,gene_symbol,locus,start_coord,end_coord,note,translation,5GB1_FM23_TR3,FM18_CH3OH_4.1/day,FM18_CH3OH_4.1/day_R1,FM20_no-lim_5.2/day,FM20_no-lim_5.2/day_R1,FM21_no-lim_5.4/day,FM21_no-lim_5.4/day_R1,FM21_no-lim_5.4/day_R2,FM12_CH4-lim_3.0/day,FM12_CH4-lim_3.0/day_R1,FM14_CH4-lim_3.0/day,FM14_CH4-lim_3.0/day_R1,FM19_O2-lim_3.5.day,FM19_O2-lim_3.5.day_R1,FM19_O2-lim_3.5.day_R2,FM22_O2-lim_4.2/day,FM22_O2-lim_4.2/day_R1,FM22_O2-lim_4.2/day_R2,FM34_-Cu_2.7/day_t0,FM40_-Cu_2.9/day_t0m,FM40_+Cu_2.9/day_t10m,FM40_+Cu_2.9/day_t20m,FM40_+Cu_2.9/day_t40m,FM40_+Cu_2.9/day_t60m,FM40_+Cu_2.9/day_t90m,FM40_+Cu_2.9/day_t150m,FM40_+Cu_2.9/day_t180m,FM34_+Cu_2.7/day_t180m,FM34_+Cu_2.7/day_t240m,FM34_+Cu_2.7/day_t300m,FM34_+Cu_2.7/day_t360m,FM34_+Cu_2.7/day_t420m,FM34_+Cu_2.7/day_t480m,FM69_O2-lim+_0.7/day_t2,FM69_?-lim_0.7/day_t3,FM69_?-lim_0.7/day_t3_R1,FM69_?-lim_0.7/day_t4,FM69_?-lim_0.7/day_t4_R2,FM80_O2-lim_0.7/day_t2,FM80_O2-lim_0.7/day_t4,FM81_O2-lim+_0.7/day_t1,FM81_O2-lim_0.7/day_t2
MBURv2_120037,PAS sensor protein,CDS,,MBURv2,2009347,2009838,,,70.13072202949434,59.666309796229406,44.29412772823345,52.31624258423553,46.700180219583494,48.230609170715006,61.39740501783926,53.86822542039667,37.28372660928408,37.66917522555933,46.03988991491398,37.45607230583396,139.75855679589878,120.28262856310893,138.41150486528645,65.43591196901741,81.11187984387713,70.16493525916508,45.4660242900967,80.85202341135,76.43035585136829,71.64823153782775,63.703368774805554,60.44123099737099,51.293877044247914,66.08313692401188,37.8314996764925,35.23652244507507,28.156714385395905,31.14912848378757,28.89501485802494,37.02162488558512,46.88757663181964,222.33877997898003,138.5195809515518,130.46323362277477,128.09072415327356,117.51659685285884,223.005948559934,241.94786874049555,239.41609331962064,211.64731017742432
MBURv2_120041,conserved protein of unknown function,CDS,,MBURv2,2011780,2013039,Evidence 4 : Homologs of previously reported genes of unknown function,,40.180815104927014,24.13869202692384,24.539343371457615,25.28195594633926,22.65900654246829,25.21058136732195,30.4835900999971,27.137676505430047,15.049464930100477,14.793263596047998,19.550928866235704,18.997880101821647,37.06152456865859,34.48080646629207,37.85502864900309,36.052113212585176,43.35413598342595,39.13239797331814,15.664764671377853,52.695705769822695,38.048999537521624,42.616019002178604,33.13135990260695,35.45567230681855,26.503942132838606,35.19510379551925,18.620546059258015,13.878666728677185,12.24132855164782,19.460788843204426,12.357369166039689,18.509164840438952,20.816493578353846,147.62194190043263,69.29500135044584,73.76331071453588,60.24391181983639,51.512344205732404,136.17313606130924,137.169690511582,145.4262467115862,119.24039158596281
MBURv2_190112,conserved exported protein of unknown function,CDS,,MBURv2,4064039,4064998,Evidence 4 : Homologs of previously reported genes of unknown function,,21.27407806112776,23.164039810169424,16.49199093300145,17.25633504169636,19.229218122786772,16.249007521906723,15.942859502965597,15.752653163953877,15.422812980429745,16.256774788979396,13.533327044821549,13.982084654378081,12.891903100645266,14.433634917711686,14.719938413802684,14.34367016128085,12.708727722086765,14.848519491653004,9.746964684412887,9.884816710085934,11.335531072811454,9.233301349887578,12.620226208958329,12.45468857058441,11.954292303604221,12.233809302488627,16.021428171819917,13.81884488932944,20.232195800640152,22.74859789581611,16.219047030427095,16.491057907562624,18.927647587245684,344.72544235188616,22.73742231811504,26.623944961027796,24.795823265947895,27.97653176690639,69.49207567684878,34.01964199335542,127.51981042975564,69.32520136692658
MBURv2_210081,Short-chain dehydrogenase/reductase SDR,CDS,,MBURv2,4188617,4189351,,,48.553341637254846,41.460654777385635,29.77665589824031,27.705000548791304,21.409316916101332,26.30389739600683,32.181504896524245,26.438387590627052,40.436719699215956,40.7760183030917,43.55916343289501,37.780163433462405,37.17360127293057,34.36188555090642,35.56560050082215,45.97157510219591,50.279374666657425,43.759303648627075,29.43981169985933,32.816567208868086,33.9706074055048,31.718029410018428,27.860801071773132,28.852402924523243,24.345640656223086,30.483197843842678,17.024499254178753,24.817517352265117,28.757406756252024,26.845463181027533,19.341969129453428,25.939851455213713,27.51646655451937,228.35059256663834,35.747421331579204,21.733832621247178,34.949332455307555,20.80794199443378,222.6209829752773,103.62801108778514,266.49037934708116,154.86199524348044
MBURv2_210439,putative NifZ protein,CDS,,MBURv2,4572277,4572531,"Evidence 3 : Function proposed based on presence of conserved amino acid motif, structural feature or limited homology",,18.12577796415591,25.60805148014995,14.974042978614463,19.107360599802195,19.117203259935586,16.405415080941122,17.51785068943926,16.49585201830625,12.76001601434826,13.33683702529157,16.29375356962472,12.83061885931165,18.60737000807285,18.50969071237833,18.051134064931343,15.380196081984659,14.81639907485789,15.578774548619545,8.6002629568349,13.249362772943446,13.750814164142522,12.658507664993781,9.037502144522588,13.031974826594979,14.290494953402536,11.709328943558406,12.267653874334691,9.458888480396622,10.08109410135703,11.268655304429032,13.273900382958235,13.351394131360001,14.871031557038041,427.4343825427289,23.77769654181965,25.05783055155557,20.483049942924367,13.165426713838302,94.57455402691451,19.658543880804267,130.48538741649412,78.09011042070561
MBURv2_210440,conserved protein of unknown function,CDS,,MBURv2,4572726,4573082,Evidence 4 : Homologs of previously reported genes of unknown function,,19.872115375984883,13.34782606108202,10.174001326933173,23.248857478577055,20.28190681988964,19.464051790947092,20.307578668085323,18.14399148376366,7.8909015620849745,9.640811105164408,8.27094089828666,6.579804543236745,23.48072881971098,21.184859044242533,26.79548119573877,17.806741931654138,14.551820519949715,15.293143846429425,7.371653963001343,11.192008305095085,18.11991521629618,10.90755762516471,13.279594987869926,9.78837579022598,9.445742932952637,9.788751180329252,9.63887090126297,6.334077107408452,12.401345918336029,10.732052670884794,8.533221674758867,8.106203579754286,11.507345847708008,574.116057297299,28.193554471014732,19.52558224796538,26.02354705863342,20.897502720378256,214.16263450588337,20.643566868435183,312.7063868033171,199.1110903143212
MBURv2_210441,Nitrogen fixation protein NifU,CDS,nifU,MBURv2,4573101,4573997,,,23.726906987379945,10.362352929537312,14.950834983134108,19.77945666518562,18.46184762978729,16.547078907481378,17.144231306896803,18.642746356326978,6.548848873607168,6.060785252561471,6.513020182279579,5.892115941309826,30.988946344269596,24.15574552178693,27.452968250477085,15.90362809241936,21.63047670122352,16.530837085643725,9.942555948983044,9.367224342307843,11.322893914424819,8.739390146161497,11.598055786042844,10.273975258079998,14.612928124616928,11.761544457242056,11.450494098424436,8.235006379776742,8.916017822827843,8.96969887108398,12.452605543209984,11.196863138590368,10.921172840801349,610.6390447612214,24.154110467007875,17.161071242742146,29.544264289351542,17.881692545179856,263.9047910071576,25.065060503940646,374.87273508618216,231.62683917677398
MBURv2_210442,"cysteine desulfurase (tRNA sulfurtransferase), PLP-dependent",CDS,iscS,MBURv2,4574000,4575208,"Evidence 2a : Function of homologous gene experimentally demonstrated in an other organism; PubMedId : 10393315, 10544286, 10600118, 10739946, 10781558, 10781607, 10829016, 10908675, 12549933, 12860127, 20068850, 20245547, 20347927, 21326031, 21576235, 8663056, 9298646; Product type e : enzyme",,93.44257455293831,104.56921564888539,74.79771453367697,51.39057634410733,44.13144704158516,47.739019617711065,53.51449343652787,50.22534797182695,34.234534836015435,37.725043960850364,35.1514988177183,26.96957933334134,62.107291767019824,59.953101213268425,62.93814366327118,47.28698385007976,49.34969977218227,48.35640374216218,23.460436089033497,28.747214880425677,29.252983413706975,25.68197762116781,26.46857239207572,25.871592090708944,28.431739153986307,26.654569304567428,25.960953215455174,28.554166295117902,31.658026416999324,24.718340667779813,22.957589496084093,30.413349410889527,25.876701933927855,535.6956245410904,59.847419831891806,40.11909594849214,53.86143090491349,36.715823327949934,240.3888282289178,43.289058656824544,316.22028355862767,201.71424534123386
MBURv2_210456,Homocitrate synthase,CDS,nifV,MBURv2,4583181,4584305,,,6.688271558866831,6.32741884620642,3.7252497166309153,5.943926520379846,5.113851872032768,5.189177998107101,5.3051327060585995,4.7254375270436375,3.4163729677789703,3.8078379558108115,3.730745741187169,2.982844726267324,14.937583145369592,11.114473931853842,14.49736347371194,8.236573872476766,8.291009982305894,7.345628241712731,1.9493929368825773,2.846500778929183,2.7406795127153027,2.459367203484506,3.21907219242995,2.80165067062468,2.8040652784188858,2.3592129427021384,2.8270126817077945,2.2780156423621865,1.3964182199657516,1.8731009261584262,1.8052504520823198,3.9342108040407466,2.668523996068493,198.68471636841244,7.2939405125173,4.905260162516636,6.01283848597758,4.642031937620024,83.0596872734621,7.748009185260268,105.02096635703286,64.49572858779594
MBURv2_210458,putative serine acetyltransferase,CDS,nifP,MBURv2,4584466,4585215,"Evidence 3 : Function proposed based on presence of conserved amino acid motif, structural feature or limited homology",,9.029166604470223,7.137955971133689,5.8362245560551,6.138074874060594,5.305023904632125,5.766920487774896,5.858428755156736,6.055900520094759,4.027826084171229,3.575298233318548,3.318301488392608,2.3489902219355177,27.573021123629285,23.480246253386593,26.36802694521823,8.820795972733839,11.282070545542831,9.06401428283319,4.483603754829928,3.5646546451727845,2.5794630707908732,3.3474720269650216,2.458200583310144,3.1518570044527654,2.2480868180427276,3.0079965019452266,2.9197016220916563,2.6130179427095666,3.237151328102424,4.5976113642070455,2.70787567812348,3.85855290396304,1.0533647352901947,285.916433713908,10.13246908635408,3.8725738125131337,8.848005999935362,2.4868028237250126,136.88422293369206,10.774055691091531,177.55502535000764,103.25247933404408
MBURv2_210461,conserved protein of unknown function,CDS,,MBURv2,4586149,4586649,Evidence 4 : Homologs of previously reported genes of unknown function,,2.360061606529143,1.9962040453588328,1.6730163398043032,1.1402079730214403,1.2878355489477564,1.509615650737841,2.1925257317203353,1.4937833005813488,1.1768772556737235,1.3054250888412986,1.4313185147334402,1.0605173989348644,10.260051825808631,5.784886003711055,7.902180741319961,2.7097766012709035,1.963875251626311,2.671373969959258,1.4591264497624081,1.8178636244054143,1.568722863037114,1.8408437151830135,1.445691104384708,0.6838186679798589,0.8684901750213356,1.2802615145651572,0.9366023167530977,0.9027008093192884,0.28506087778288336,0.764739082536102,3.3780884208127246,0.6795619767458682,1.2615146530421493,163.1673166892154,3.7920917239349103,2.3189064745587626,4.2727477303145465,2.978206974520973,60.50625423089709,5.226934314540414,81.61551994640816,49.420205799625975
MBURv2_210463,conserved protein of unknown function,CDS,,MBURv2,4587026,4588009,Evidence 4 : Homologs of previously reported genes of unknown function,,7.100462510774348,6.277517563731551,5.489443179994743,4.029580042388899,3.6063321698430313,3.7229802895721247,4.316423625496579,3.1995732722923047,2.936833226961464,3.2734131095876435,3.000737703951563,2.216671957401403,6.630293810041202,6.28342089508778,4.889641479246559,3.482031460198718,4.199579577715532,3.281560049044028,2.9716355745161236,2.567678734629284,2.764763676295477,2.291077171267748,3.07810395340447,1.9497171289474513,2.7084051456553313,3.394065876029182,3.444044088196096,2.604438615505549,2.3222032482800747,3.3095949014024297,3.0958944490741005,2.2489772126757317,2.8903300663450464,46.956023930578816,4.107935378159899,4.132319617010966,3.959326052292083,1.137257388898634,19.235116692733335,3.6117296559313443,27.196510902772616,16.77474465149906
MBURv2_210467,Rhodanese-like protein,CDS,,MBURv2,4591085,4591402,,,12.168688146186284,8.694897642631231,7.614504137767594,13.631243264595385,7.833995439655207,6.689128310904998,9.441650116408262,7.1413921227532535,5.402176380225109,5.398733238875511,6.168093188769438,3.957193770107004,23.25189829232059,17.012658461228234,21.146555260862776,8.87717620634974,15.222626997606058,10.354674335488976,4.137862366024338,7.206175158705089,6.844094232640878,5.478150217405215,8.69646432774815,6.0330869650449435,7.867619722304128,5.425076931921191,5.082589301709421,9.955257038624982,4.940158797048649,4.819299123906756,5.322082700714386,3.7472073151694336,4.9687015815575215,298.0469443489086,22.371971085888173,9.133428803097013,22.618152890887718,9.384161598962312,203.91757738921362,16.822697892929867,250.00373541033267,154.17411238429548
MBURv2_210469,ADP-ribosyl-[dinitrogen reductase] glycohydrolase,CDS,draG,MBURv2,4592165,4593067,,,14.641505726280618,9.251120330592018,8.972777556669147,10.717108202157355,11.452062168794468,11.280897601033804,11.069705496662436,10.345420512469339,6.029728036985309,6.509398118456861,5.325276897302175,4.366498197712756,16.245387962474453,17.423296905339512,17.89368053508671,10.213784335413127,11.113837553555674,10.727757768303402,6.8002079193578275,7.092609914275373,6.4272335650935375,6.184732031649389,4.885484073379795,6.791159947482366,8.251738668734692,7.02963158799329,5.716074604237344,7.178620721729579,6.642581384615096,8.697954315821745,11.62017525219101,7.163621768154949,5.774258515710368,194.17609895953814,19.293375698993643,17.69032887775933,16.78380733028142,12.80579527167365,97.15431105230333,12.55282882060083,114.95798100087991,77.6682416247
MBURv2_210472,Nif-specific regulatory protein,CDS,nifA,MBURv2,4594547,4596073,,,20.061998957448573,11.55782071795649,8.660534704675673,21.89560358686093,20.56319997016647,22.86101957240577,24.57796936000186,22.848883459010857,10.477858466883283,9.561854072887607,6.892179925360092,5.329124603043906,41.974729478754384,39.35162074325358,48.91320702686673,24.97841599057182,27.9384211435291,27.963329918490164,8.234174487814423,8.677104670723278,9.501951390437894,9.999064432416269,14.143449889940484,13.326806331289989,16.98994569057578,15.078221226380931,12.018605236414341,11.155774048896065,10.849114586267225,9.158088561097859,9.53165145377453,10.590619608126916,10.864763969103187,137.32703265899372,15.61822503696471,10.271070033188076,17.186854927309643,10.259893771753491,57.452745828572304,12.028990541380026,80.14632029386021,50.52940430457989
MBURv2_210474,putative inner membrane subunit of an electron transport system,CDS,rsxA,MBURv2,4598049,4598621,"Evidence 3 : Function proposed based on presence of conserved amino acid motif, structural feature or limited homology; PubMedId : 10411911, 10637328, 12773378; Product type pm : putative membrane component",,7.316078649844982,2.6693926593618884,3.900785043592582,5.571111639046858,5.16089420466193,5.9396657671700925,7.156893767207182,4.864032426301717,3.137806859238925,2.3969244955845204,3.6439773643498556,2.976988355731459,17.527622970082586,14.547740748499795,15.801986018101836,9.06344044472285,11.058159977063168,9.602338429539417,1.530936861426108,3.0250650719923238,2.4266872802761,2.861392906904603,5.171046477606417,4.5439929497384135,6.834244675691453,3.859968819866064,6.096360280483077,2.630908117911364,3.9878673583029554,3.677554174394816,8.270126416607487,5.05046191618199,4.687748821972071,418.34503693929923,8.676991879397015,8.616983614230795,9.489079226412693,7.160950539522289,131.99782754100912,11.164215648491444,215.75737072103794,118.41471077950706
MBURv2_210475,putative iron-sulfur protein,CDS,rsxB,MBURv2,4598641,4599192,"Evidence 3 : Function proposed based on presence of conserved amino acid motif, structural feature or limited homology; PubMedId : 10637328, 12773378; Product type pc : putative carrier",,17.52555629749655,6.927364102420117,9.616813127172199,9.73988396391716,6.948168304392349,7.707039140825324,7.2965032050185785,8.648882134831478,5.564898531692832,5.3760987982777415,4.4703536539924364,2.7356252584652765,26.503704110230576,21.851718202113304,27.899078984547334,11.555355154763916,14.188144834195041,11.622504727478018,3.4432212200371604,2.5014746823208442,3.7237493379284,3.1558908861138737,2.385676031939192,5.027182131393234,4.729495409627056,4.928383015495295,3.5891777186685734,4.915794624662645,2.5872373146598653,3.1233772854667423,3.065982425411548,4.009046335639347,4.007365840777914,436.4065992210242,16.549621397404184,7.366308882497807,14.11585809947612,7.4333780056997645,195.4522748410919,17.417297658832297,307.45297064686787,180.94378587820503
MBURv2_210476,Electron transport complex protein rnfC,CDS,rnfC,MBURv2,4599189,4600664,,,11.287914760718195,7.652592839596558,6.562092996775325,7.125754538235737,5.658420172211625,6.373101743009486,7.491723763792913,5.559914210868595,6.189295885535915,6.042798143079727,4.744023417675804,3.599723691506552,23.922635847946644,21.262647493198827,24.48670851024261,9.081021250497285,11.598838833690518,10.420392436438055,3.2687991319677363,3.8216613724714925,4.587459729556939,4.825147375851772,4.862512042334598,4.781449149561607,5.7116026881166855,4.944996640572318,3.850264672957687,6.128090860013055,5.70874965202185,5.58088552001194,2.063929632716067,3.921293601588455,4.71016751552526,447.0855611851693,15.11720219162843,11.216296103315479,14.909110555883741,8.087163654390285,165.94556294677633,15.1565918192768,280.5725154038696,159.6337047757549
MBURv2_210477,putative inner membrane oxidoreductase,CDS,rsxD,MBURv2,4601015,4602097,"Evidence 3 : Function proposed based on presence of conserved amino acid motif, structural feature or limited homology; PubMedId : 10637328, 12773378; Product type pe : putative enzyme",,6.451389760481956,4.943182805494245,5.675588210933528,4.99540032110599,3.988266954332129,4.495654225820916,4.936118410970011,5.12315306212373,4.194111865505535,4.106484019080828,3.0964478182920834,2.091502967690904,20.372750680583916,17.56038354425551,16.49383458129079,5.670835744514298,7.0135914942014,6.237786837649226,2.1599921738311108,2.794126727137658,2.6236747820111463,1.4666124828412528,2.3103388940884813,1.8980230064150099,3.3145771153341976,3.328875603016348,2.4070881332374165,3.2015455296356294,3.428626956601883,3.3608270206191855,1.562716804087881,3.143680058630471,4.085070995585243,276.4020762297566,10.74936309037387,4.290940512479927,9.487630417230307,3.7887577646779973,93.48527136644998,8.946600312893413,157.23308456004142,90.05349687208009
MBURv2_210478,putative oxidoreductase,CDS,rsxG,MBURv2,4602453,4603073,"Evidence 3 : Function proposed based on presence of conserved amino acid motif, structural feature or limited homology; PubMedId : 10637328, 12773378; Product type pe : putative enzyme",,44.1384380825839,28.798888029206367,24.295106847592926,16.01669807399711,19.33654315241069,20.552104375534196,17.21679948174081,19.448297124810246,12.91736320574092,14.770695688197431,14.84174394525884,13.239075324918376,23.431502973128772,23.69075169433286,21.626838321764726,20.265247478625007,16.47757747354868,19.362288964687444,16.480375070263335,14.5712378658122,14.01882103690692,12.04601488555884,15.798476833730652,12.412795386156132,15.677401450430427,11.96702217312679,13.349222392241009,9.710211604271894,10.348949258639463,14.80712194591641,9.811143761316957,18.366229366689662,18.828258553496234,288.07605019617336,19.267209178492188,14.96646884063047,18.95902797243435,14.416248253478335,74.54388952032417,16.807353382842063,120.227642863331,72.72814772288535
MBURv2_210479,putative inner membrane NADH-quinone reductase,CDS,rsxE,MBURv2,4603251,4603940,"Evidence 3 : Function proposed based on presence of conserved amino acid motif, structural feature or limited homology; PubMedId : 10411911, 10637328, 12773378; Product type pc : putative carrier",,8.256484300153932,8.867026051097751,6.748640790998035,7.694508331494558,6.285819550141864,6.782194443926285,8.11901811176613,7.554915421560903,5.707317735821465,6.1373425399622485,6.296703266478236,5.187556045682303,14.039800015149172,15.041182689234972,16.801216569291977,8.463516883624381,7.643060935807581,8.066480102249646,4.449701268971101,6.684791917010598,4.731352099956085,7.945419407392578,6.2981847243194675,6.553955963890439,6.305993879502742,4.712014980668673,3.2491503558473407,3.2771964164417646,4.5535376738013635,5.830304266204587,7.848915009053567,6.9078952244862615,3.6638773401398077,238.66433032808806,15.993085456606522,11.786094211996494,19.48298656367254,20.00254445170119,75.63800144715475,13.229013630366012,119.44828350063258,71.25774971293589
MBURv2_210480,Protein RnfH,CDS,rnfH,MBURv2,4603951,4604211,,,9.884145160886943,9.015985816766058,10.704740565031365,4.7635869271801745,4.532095600415763,3.8938757140619384,7.435266379868462,3.8561278781951343,4.044002092541395,4.761050352751081,4.8484825955473525,4.071411623497066,17.422130443382382,9.835256105488384,12.918672645684273,4.871269631877799,6.936317095629113,3.906902708117754,4.481363073293281,4.952785284438629,5.5591876525665365,3.3372639255457055,3.7841757748000977,4.987946283908258,6.04324413452346,3.220190079837689,2.9964097106851977,1.7327705190381741,2.735929114352961,1.4679474342934373,1.2968753247717815,5.870009488787585,0.6053820317759739,169.46423962213808,10.066802558892993,12.240894234955306,10.662224508635493,10.004379175905223,55.49746969516459,10.319976715604914,85.35407787118633,49.248582683373904
MBURv2_210481,FeMo cofactor biosynthesis protein NifB,CDS,nifB,MBURv2,4604491,4605981,,,14.490614221028672,10.021894093505852,9.61918940914086,10.32192531950738,10.55388862061333,9.511034218054053,7.80927374304092,9.363688327039695,6.844697304317547,6.886708330851107,5.431861386721862,4.632561917681269,30.36489413205382,29.120197167785005,31.95205127663676,13.759098181995252,13.224269672259037,14.760938752853345,8.334929559105587,8.157555349136207,9.528637789799031,8.728471798639957,7.904891930377186,10.52365284489084,11.563632136683724,10.250353014381146,7.588091070157724,6.875298719402976,7.950158605530274,7.580456921758765,7.718626178420381,8.448719223969254,8.901673819353757,1019.4614773028891,22.962780181466208,19.284950072374254,26.302244096646948,21.265416500666607,339.193445780634,23.861052803459753,512.0364031911557,312.1689567368123
MBURv2_210482,Ferredoxin-like protein in nif region,CDS,,MBURv2,4606043,4606321,,,11.172803871378923,5.693158785909535,4.673252332691112,7.828562648417287,4.560891906772266,4.405074701279372,4.593302115378265,5.087282022929065,3.965731084298658,3.6627350442959816,3.8553256767820074,2.0045999504484704,15.731230826717502,18.401446907042782,17.17729271500281,7.414770177773532,8.18154653215159,7.91882968258276,9.432546468786663,4.843853056775023,6.283974214796314,2.7546675666269107,5.900059003720583,7.490387925495507,5.263470697810756,4.043006051001648,2.80309295515712,3.7822840361801005,4.095068093741206,6.179585166944953,2.426411897960107,3.0507217773268813,2.831625632500523,730.3752539474867,18.979544874061776,18.738260383128065,18.260713041836766,17.380879950766214,233.49263833752943,16.894800590869334,342.9865168748316,228.34222991728956
MBURv2_210483,Uncharacterized 15.7 kDa protein in draG 3'region,CDS,,MBURv2,4606318,4606812,,,15.417768853231983,9.03237851825109,8.278332703624256,7.535128412085004,6.0827464917976855,4.917973259155607,5.843634743148764,4.848474073422973,4.543987805801058,4.673916297252167,3.962532593997336,3.3331030085184112,20.449311685639657,16.44977829568976,20.205384632351137,7.40072705243684,10.733470920706711,7.295844829932018,2.362900529554639,5.1635856498506865,3.541876375612468,3.622805223988119,5.985878043774701,5.329226819123033,5.823489802358972,5.808668230137841,4.107805312466616,3.0454754577034575,2.596645450349538,5.418060530210323,8.889490862526575,2.0633972748465452,3.8304172192370713,516.178170134769,16.740459080452826,13.495332983000313,18.682006803382585,15.825108878250079,182.13520572168943,15.719722108214356,295.3355214914369,186.88038931208143
MBURv2_210484,Type A flavoprotein fprA,CDS,fprA,MBURv2,4606809,4608089,,,9.481950729574507,9.322677137582282,6.179668733677358,5.849632886525893,4.575033274296645,4.520339896804653,5.173573403021903,5.2579772851844675,3.631078225480962,3.835526928914948,3.622168496439357,2.335804930551842,15.618715535659902,12.777585498684276,12.983260909839212,5.399910570771694,7.895790344220107,5.9867336726119404,2.1685284426679723,3.256690941236685,4.8138398935280495,4.319731622045385,4.831692347590195,3.155815145482693,4.118463801279455,4.092018936039277,2.604841415939919,2.8243753659263917,1.8952876628234332,2.5422649359718896,3.699283713283443,4.252434664789134,3.453654869803917,319.99911390341254,10.570958767030673,7.935602074821995,11.329886054159129,5.241504780685038,103.83616911065464,8.118623368579902,159.1271660893503,95.35283423446961
MBURv2_210496,Nitrogenase iron-molybdenum cofactor biosynthesis protein NifE,CDS,nifE,MBURv2,4614723,4616171,,,45.47371856239317,31.099551076652364,22.68828761164101,38.10149845884737,33.519423417718315,29.262281944212972,33.58286669946214,29.564261197055863,13.392931153683675,14.150078222306782,11.920943077313163,9.244193995096067,52.42071103809826,42.44143241086058,46.08176813472939,30.75479338488002,35.743668058005596,30.421567088636888,8.273820953642408,10.685123870987518,10.597561140995111,10.643396713952672,11.451244953308123,15.179075500785213,17.153804779361625,15.828829073383265,14.032875291035024,13.83705153608745,14.19284469756269,10.840928567545943,11.91353171017059,16.91729442731329,13.739540025524278,175.24399269265797,40.031532583691536,19.242602795096317,37.84911402496894,19.05004233495351,147.6793461050109,16.988077612765096,171.7701486148993,108.00154174178309
MBURv2_210497,Nitrogenase iron-molybdenum cofactor biosynthesis protein NifN,CDS,nifN,MBURv2,4616177,4617562,,,33.115630283350384,18.506189069349034,13.102880496807874,24.43825430946488,19.124961865154713,17.27429580972479,19.83982681783328,18.042132784742172,10.05223377288861,9.295926406448025,7.1976878531518445,4.963337409779233,33.40700890608822,28.080130020487367,32.26793365596661,15.454459433029873,18.88295810124329,16.875473020494017,6.9621176317234905,8.733157995642376,7.458877589036109,8.502502056298647,5.32078048335529,8.898523445659983,10.752265538048237,9.27152813656617,7.673922012300273,9.680261276271704,8.243318889998534,9.122244770252076,5.861202766501039,9.211594976993506,4.560020499091752,139.04556581241295,28.318790535051733,15.71661449883577,26.62680202466235,12.918456227142922,91.0945379696471,11.174390372254024,115.5162845310522,71.48139416549813
MBURv2_210498,Protein NifX,CDS,nifX,MBURv2,4617559,4618050,,,15.293303869360134,13.631180995531368,11.546759792402735,16.869597804577253,16.756694930583784,14.171344328048733,14.140008428350862,14.581661798315748,8.49240439433693,8.75679547590197,4.458238874442322,2.6713738973811783,32.950551055962336,31.248798558606193,33.14945916245108,12.395156015550153,14.878510503906456,12.953526509384321,7.726252493741922,4.777076715589366,5.406648966977821,7.081511256645766,7.360683366836777,9.748585644737256,8.733224755378416,9.71017522148746,8.26570581167063,7.353709032015667,7.547160556910241,5.451097484662825,11.695601252057713,8.995908850702927,8.02869462873624,215.91744337308893,24.565453561396197,26.564911823641925,22.45068398882104,22.745147777972676,100.69033471896306,7.071386484244527,127.66447272179167,75.87895133848298
MBURv2_210500,conserved protein of unknown function,CDS,,MBURv2,4618634,4618849,Evidence 4 : Homologs of previously reported genes of unknown function,,21.896127127242604,6.264231812273918,6.036284263059353,23.957409027912906,32.77471913053193,19.69576669322027,17.290501534316757,19.713217838850127,9.537104934910124,8.175224618868631,6.835013659000782,7.379433567588432,20.868682335442816,32.202532087324876,27.186064392486337,15.962352466040244,21.682273819760933,18.981713938658913,12.183705855516108,11.56118913460343,10.915696588633253,11.8603742451992,13.717637183650355,12.212811460490284,23.165769182339933,23.755963659153476,18.827441015471994,11.864664803969722,17.190754601851108,23.059007613692742,12.536461472793889,12.60965001295111,12.435555902731465,621.6210575425155,39.48638772940143,25.548230013107478,51.73229314478336,55.26228497166695,212.2396789931488,18.35856968968143,309.40853228305053,176.73759926320537
MBURv2_210504,Protein NifZ,CDS,nifZ,MBURv2,4619631,4620110,,,19.706514414518345,13.726838406026324,11.253358518989224,23.451814356869292,19.67727757419151,14.870303853381307,18.536434733113108,16.881682912906204,6.551283389917059,8.14116118295668,5.492421690268485,4.893729629032328,24.63053691433185,21.506691072606255,20.678948334671865,14.186540754193267,17.546243435655278,16.24264278222549,7.005630866921763,10.649895402817041,10.57982900129069,10.567593452472487,10.974109746920286,12.276254636908417,14.843718405423251,16.864686270097316,12.708522685443594,11.306327636724086,10.116097900320076,11.972946260955847,7.051759578446563,8.511513758742,10.204470873123762,341.43450734136695,44.801143234211864,37.51555880872099,45.667127741601874,23.313776472421992,161.38338783375627,13.872843699466817,230.20291359557632,135.431079398608
MBURv2_210505,Nitrogen fixation protein NifM,CDS,,MBURv2,4620112,4620966,,,15.46348499512444,12.041086321075722,9.040810715800175,17.17466205637393,15.26022365486086,13.32401339808024,13.875225999055427,13.703044438412183,5.491329157240421,6.903523011489066,5.451565781554909,4.153742107850331,18.637294141126766,14.97942344713658,18.743152849746778,10.711578628527006,13.072656201281779,10.783394185168872,4.787982651992295,7.765682955552818,6.080971055044274,7.071279971032449,7.4700957575527545,8.134083039714104,10.432547769072078,7.941648831245137,8.963996208176138,8.286899008593092,6.34735554529887,7.169764310654262,1.5835530281423857,6.968490796630877,9.794444029891283,215.7005824438549,30.58840751619583,20.042267977041657,31.34607671737146,25.740590631539604,100.11978411067173,9.582188906550705,136.687085255428,80.87843887843928
MBURv2_210506,ATPase and specificity subunit of ClpX-ClpP ATP-dependent serine protease,CDS,clpX,MBURv2,4621360,4622652,"Evidence 2a : Function of homologous gene experimentally demonstrated in an other organism; PubMedId : 12912910, 14525985, 21369885, 7743994, 8226769, 8226770, 9573050, 9575205; Product type e : enzyme",,42.97940498758061,30.98434522540248,26.073866926148327,23.909042305856975,20.888649443679615,18.84578697049661,19.199606999208562,18.721112001189372,11.450812421664777,13.132205362250696,12.184765483450382,10.07834717546819,25.351282436559423,24.955094471384008,26.311536252684633,17.74932115858419,18.3539862379602,18.204263024541717,13.116565004546345,14.928087643599854,14.821813251172905,14.542855176572791,12.934681557854999,14.016378790103172,14.428070103073413,11.956857939013883,11.774291150850233,10.609701623530725,16.567923407102622,9.4820548888003,12.827330648496764,13.297183134306914,9.898206909339416,259.91514561037945,43.829668938726186,30.773933428903675,42.41559645953596,29.714697313651545,100.7648044797691,17.85144464156214,134.39361880504975,81.62047350695333
MBURv2_210509,Flavodoxin-B,CDS,nifF,MBURv2,4623588,4624121,,,17.311136257901712,12.448898393908303,12.905827669976016,15.920332805065717,13.156502243494995,12.083020915166593,10.902272613177912,10.728500985229159,7.538201653400196,7.057637732768612,7.701732887028168,7.488532230621969,20.65888481935616,17.367657754961726,17.807414124719575,9.685022844563743,12.013179376296586,11.616450889164726,9.308898855899947,12.983987162933342,12.000662109543212,12.185535067202412,12.700374201492012,16.231473337537647,10.592652640288312,13.502517895380917,10.349397135557638,10.162991134134009,9.093121708152875,11.47967881200261,12.677320590465728,8.60714874479528,6.213668382329799,375.6842663693827,38.378270879015645,29.914544900031228,39.445622979052175,37.72116642728951,102.97776321824739,12.890307994959697,146.81272138842522,89.64121973317924
MBURv2_210510,Rieske (2Fe-2S) region (fragment),CDS,,MBURv2,4624210,4624476,,,16.505967129627212,13.660738060571944,19.881950734827917,12.207686024437745,11.344126934442112,8.49794877550178,10.6965693563255,8.89209090667642,7.633621927493869,7.624085880517937,6.319370573971829,7.540899588878065,18.955822629946873,14.886563789967195,11.77701491913725,8.474394988993275,10.023266228075679,8.592991068697195,6.57098742769408,11.553547899220346,12.000662109543212,6.908334841248611,9.617759104042497,12.574580135009404,8.555604055617483,14.82791842498886,8.006137406752135,11.29221237126001,5.348895122442867,7.174799257501631,10.141856472372584,6.375665736885392,4.142445588219866,297.293454882858,25.88830106631825,25.019437552753388,25.65568974247296,26.544524522907434,66.97399671628038,10.648515300184096,111.1591553680859,65.5045156670921
MBURv2_210512,conserved protein of unknown function,CDS,,MBURv2,4626623,4627585,Evidence 4 : Homologs of previously reported genes of unknown function,,21.542663732665197,14.478240775381572,12.765653234560771,14.620445757051352,12.022695975387839,12.12424765912874,13.725939645713797,13.157777344265643,6.379696759074649,7.759247457576251,7.665435879253213,5.401179118825178,19.380261804877538,16.108431716134028,18.8835370395805,12.553569719787726,14.181259433830915,11.427081869420737,7.135628351517222,7.718476132524686,9.354069254961063,6.22503380944287,9.504057662441868,6.1901566523859,8.076485151746308,8.796520220550224,8.554236320473256,8.76641533619313,6.080410685917142,7.9570982419644265,6.678301906067772,10.60624767444486,9.024152716660547,207.5031919405252,12.466624074729742,6.032046436936345,10.403142417771454,6.9723443655841475,76.56367609573545,11.654179312793714,131.07665510232363,71.51620572546834
MBURv2_210513,LRV FeS4 cluster domain protein,CDS,,MBURv2,4627578,4628342,,,26.837392179486656,17.91794593055537,14.974042978614463,19.89801000393194,20.85087120262582,20.051062876705814,19.2887809503935,21.387260080994192,9.93397219908992,10.045374041485639,12.075573711498523,8.407528027469173,23.776083899204195,25.725944401414715,27.113843348559424,19.01397867278323,18.829173824298568,18.49458796681037,9.173613820623892,13.71021017374148,13.039565155652392,11.385959275391231,11.103216920413464,13.70372610631637,14.148300973766691,14.109018578904946,12.267653874334691,10.444189363771269,9.707720245751213,12.520728116032258,13.716363729056843,13.351394131360001,9.500936828107637,441.3724602343397,11.677490968315873,7.213617886053877,12.312215812686778,11.214993126602998,129.95461164792226,14.034831079081652,239.71165823785893,138.36777942857537
MBURv2_210520,conserved protein of unknown function,CDS,,MBURv2,4633885,4634736,Evidence 4 : Homologs of previously reported genes of unknown function,,14.634799437158309,19.54072066853848,16.833581465996506,11.161426887524085,10.77025535771019,10.513655741873919,12.076133217422557,10.722375080593515,10.54288432858327,10.10388676486933,9.084929624015928,8.927528230025441,15.407863310675348,14.83778641448168,13.851182466939655,11.533361711378372,12.148642947419606,10.79642986484037,10.810893928134012,12.206776663743671,12.84338731880359,10.163171395463651,12.28791161803046,8.685460208228687,9.639399975137774,13.031744027690069,13.829907918190695,9.554643073287961,6.034457736727799,7.644698082112654,11.918466893149118,7.592430113431831,10.570737660482587,410.20809638161853,24.528424284748,22.84000399985739,25.72795929104331,22.328687325699935,117.51712096932205,19.319674719941126,167.5342154057484,108.24510983807599
